1,aquaman,01:00:00,available,2019,5
2,superman,01:23:43,available,2018,5
3,infinity wars,01:24:13,available,2018,5
4,kobo and the two strings,02:56:04,available,2017,5
5,3 idiots,01:23:43,available,2017,5
6,like stars on earth,01:23:43,available,2017,5
7,queen of katwe,01:23:43,available,2018,5
8,wonder,01:23:43,available,2018,5
9,game of thrones,01:23:43,available,2014,5
10,the originals,01:23:43,available,2017,5
11,shazam,01:23:43,available,2019,5
12,wonder woman,01:23:43,available,2017,5
13,guardians of the galazy,01:23:43,available,2018,5
14,lions heart,01:23:43,available,2019,5
15,orphan black,01:23:43,available,2017,5
16,a thousand words,01:23:43,available,2017,5
17,lie to me,01:23:43,available,2017,5
18,koko,01:23:43,available,2017,5
19,the greatest showman,01:23:43,available,2018,5
20,venom,01:23:43,available,2019,5
